Workbook

Sheet products
A1: ProductID | B1: Product | C1: Price
A2: 101 | B2: Product A | C2: 120
A3: 102 | B3: Product B | C3: 150
A4: 103 | B4: Product C | C4: 200
A5: 104 | B5: Product D | C5: 90
A6: 105 | B6: Product E | C6: 220
A7: 106 | B7: Product F | C7: 130
A9: 1. Use VLOOKUP to find the product names for each ProductID in the Orders worksheet.
A10: 2. Use VLOOKUP to find the price for each ProductID in the Orders worksheet, then calculate the TotalPrice by multiplying the Quantity by the Product Price.
A11: 3. Use VLOOKUP to check if there are any ProductIDs in the Orders worksheet that do not exist in the Products worksheet.
A12: 4. Assume a discount of 10% is given on all products. Use VLOOKUP to find the original price and then calculate the discounted price.
A13: 5. Use VLOOKUP to find the price for each ProductID and then calculate the order value. Find the maximum order value from the list.
A14: 6. Use VLOOKUP to find out which products from the Products worksheet have not been ordered.
A15: 7. Use VLOOKUP to find the Product name and summarize the total quantity sold for each product.

Sheet orders
A1: OrderID | B1: ProductID | C1: Quantity | D1: Product Name | E1: Price | F1: Total Price | G1: exist/not | H1: Orignal Price | I1: Discounted Price | J1: Order Value | K1: Not Ordered | M1: Maximum Order Value
A2: 1 | B2: 101 | C2: 2 | D2: =VLOOKUP(B2,products!$A$1:$B$7,2,0) -> Product A | E2: =VLOOKUP(B2,products!$A$1:$C$7,3,0) -> 120 | F2: =SUM(E2*C2) -> 240 | G2: =IF(ISNA(VLOOKUP(B2,products!$A$1:$C$7,1,0)),"NOT EXIST","EXIST") -> EXIST | H2: =VLOOKUP(B2,products!$A$1:$C$7,3,0) -> 120 | I2: =SUM(E2-(E2*10%)) -> 108 | J2: =SUM(C2*E2) -> 240 | K2: {=ISNA(B2:B7)} -> FALSE | M2: =MAX(J2:J8) -> 880
A3: 2 | B3: 103 | C3: 1 | D3: =VLOOKUP(B3,products!$A$1:$B$7,2,0) -> Product C | E3: =VLOOKUP(B3,products!$A$1:$C$7,3,0) -> 200 | F3: =SUM(E3*C3) -> 200 | G3: =IF(ISNA(VLOOKUP(B3,products!$A$1:$C$7,1,0)),"NOT EXIST","EXIST") -> EXIST | H3: =VLOOKUP(B3,products!$A$1:$C$7,3,0) -> 200 | I3: =SUM(E3-(E3*10%)) -> 180 | J3: =SUM(C3*E3) -> 200 | K3: FALSE
A4: 3 | B4: 105 | C4: 4 | D4: =VLOOKUP(B4,products!$A$1:$B$7,2,0) -> Product E | E4: =VLOOKUP(B4,products!$A$1:$C$7,3,0) -> 220 | F4: =SUM(E4*C4) -> 880 | G4: =IF(ISNA(VLOOKUP(B4,products!$A$1:$C$7,1,0)),"NOT EXIST","EXIST") -> EXIST | H4: =VLOOKUP(B4,products!$A$1:$C$7,3,0) -> 220 | I4: =SUM(E4-(E4*10%)) -> 198 | J4: =SUM(C4*E4) -> 880 | K4: FALSE
A5: 4 | B5: 106 | C5: 3 | D5: =VLOOKUP(B5,products!$A$1:$B$7,2,0) -> Product F | E5: =VLOOKUP(B5,products!$A$1:$C$7,3,0) -> 130 | F5: =SUM(E5*C5) -> 390 | G5: =IF(ISNA(VLOOKUP(B5,products!$A$1:$C$7,1,0)),"NOT EXIST","EXIST") -> EXIST | H5: =VLOOKUP(B5,products!$A$1:$C$7,3,0) -> 130 | I5: =SUM(E5-(E5*10%)) -> 117 | J5: =SUM(C5*E5) -> 390 | K5: FALSE
A6: 5 | B6: 102 | C6: 5 | D6: =VLOOKUP(B6,products!$A$1:$B$7,2,0) -> Product B | E6: =VLOOKUP(B6,products!$A$1:$C$7,3,0) -> 150 | F6: =SUM(E6*C6) -> 750 | G6: =IF(ISNA(VLOOKUP(B6,products!$A$1:$C$7,1,0)),"NOT EXIST","EXIST") -> EXIST | H6: =VLOOKUP(B6,products!$A$1:$C$7,3,0) -> 150 | I6: =SUM(E6-(E6*10%)) -> 135 | J6: =SUM(C6*E6) -> 750 | K6: FALSE
A7: 6 | B7: 104 | C7: 6 | D7: =VLOOKUP(B7,products!$A$1:$B$7,2,0) -> Product D | E7: =VLOOKUP(B7,products!$A$1:$C$7,3,0) -> 90 | F7: =SUM(E7*C7) -> 540 | G7: =IF(ISNA(VLOOKUP(B7,products!$A$1:$C$7,1,0)),"NOT EXIST","EXIST") -> EXIST | H7: =VLOOKUP(B7,products!$A$1:$C$7,3,0) -> 90 | I7: =SUM(E7-(E7*10%)) -> 81 | J7: =SUM(C7*E7) -> 540 | K7: FALSE
A8: 7 | B8: 109 | C8: 3 | D8: Product Q | E8: 250 | F8: =SUM(E8*C8) -> 750 | G8: =IF(ISNA(VLOOKUP(B8,products!$A$1:$C$7,1,0)),"NOT EXIST","EXIST") -> NOT EXIST
