Workbook

Sheet PRODUCT
A1: ProductID | B1: Product | C1: Category | D1: Price
A2: 101 | B2: Product A | C2: Electronics | D2: 120
A3: 102 | B3: Product B | C3: Furniture | D3: 150
A4: 103 | B4: Product C | C4: Electronics | D4: 200
A5: 104 | B5: Product D | C5: Clothing | D5: 90
A6: 105 | B6: Product E | C6: Furniture | D6: 220
A7: 106 | B7: Product F | C7: Electronics | D7: 130
A9: 1. Use VLOOKUP to dynamically find the unit price for each ProductID in the Orders worksheet and calculate the total price.
A10: 2. Use nested VLOOKUP to find the category of each product in the Orders worksheet.

Sheet ORDERS
A1: OrderID | B1: ProductID | C1: Quantity | D1: Product | E1: Unit Price | F1: Total Price | G1: Category
A2: 1 | B2: 101 | C2: 2 | D2: =VLOOKUP(B2,PRODUCT!$A$1:$D$7,2,0) -> Product A | E2: =VLOOKUP(B2,PRODUCT!$A$1:$D$7,4,0) -> 120 | F2: =SUM(E2*C2) -> 240 | G2: =VLOOKUP(VLOOKUP(B2,PRODUCT!$A$1:$B$7,2,0),PRODUCT!$B$1:$C$7,2,0) -> Electronics
A3: 2 | B3: 103 | C3: 1 | D3: =VLOOKUP(B3,PRODUCT!$A$1:$D$7,2,0) -> Product C | E3: =VLOOKUP(B3,PRODUCT!$A$1:$D$7,4,0) -> 200 | F3: =SUM(E3*C3) -> 200 | G3: =VLOOKUP(VLOOKUP(B3,PRODUCT!$A$1:$B$7,2,0),PRODUCT!$B$1:$C$7,2,0) -> Electronics
A4: 3 | B4: 105 | C4: 4 | D4: =VLOOKUP(B4,PRODUCT!$A$1:$D$7,2,0) -> Product E | E4: =VLOOKUP(B4,PRODUCT!$A$1:$D$7,4,0) -> 220 | F4: =SUM(E4*C4) -> 880 | G4: =VLOOKUP(VLOOKUP(B4,PRODUCT!$A$1:$B$7,2,0),PRODUCT!$B$1:$C$7,2,0) -> Furniture
A5: 4 | B5: 106 | C5: 3 | D5: =VLOOKUP(B5,PRODUCT!$A$1:$D$7,2,0) -> Product F | E5: =VLOOKUP(B5,PRODUCT!$A$1:$D$7,4,0) -> 130 | F5: =SUM(E5*C5) -> 390 | G5: =VLOOKUP(VLOOKUP(B5,PRODUCT!$A$1:$B$7,2,0),PRODUCT!$B$1:$C$7,2,0) -> Electronics
A6: 5 | B6: 102 | C6: 5 | D6: =VLOOKUP(B6,PRODUCT!$A$1:$D$7,2,0) -> Product B | E6: =VLOOKUP(B6,PRODUCT!$A$1:$D$7,4,0) -> 150 | F6: =SUM(E6*C6) -> 750 | G6: =VLOOKUP(VLOOKUP(B6,PRODUCT!$A$1:$B$7,2,0),PRODUCT!$B$1:$C$7,2,0) -> Furniture
A7: 6 | B7: 104 | C7: 6 | D7: =VLOOKUP(B7,PRODUCT!$A$1:$D$7,2,0) -> Product D | E7: =VLOOKUP(B7,PRODUCT!$A$1:$D$7,4,0) -> 90 | F7: =SUM(E7*C7) -> 540 | G7: =VLOOKUP(VLOOKUP(B7,PRODUCT!$A$1:$B$7,2,0),PRODUCT!$B$1:$C$7,2,0) -> Clothing

Sheet MONTHLY SALES
A1: Product | B1: JAN | C1: FEB | D1: MAR | E1: APR | F1: MAY
A2: Product A | B2: 120 | C2: 130 | D2: 140 | E2: 150 | F2: 160
A3: Product B | B3: 150 | C3: 160 | D3: 170 | E3: 180 | F3: 190
A4: Product C | B4: 200 | C4: 210 | D4: 220 | E4: 230 | F4: 240
A5: Product D | B5: 90 | C5: 100 | D5: 110 | E5: 120 | F5: 130
A6: Product E | B6: 220 | C6: 230 | D6: 240 | E6: 250 | F6: 260
A7: Product F | B7: 130 | C7: 140 | D7: 150 | E7: 160 | F7: 170
A9: 1. Use HLOOKUP to dynamically find the sales for Product B in a specified month.
A11: Product | B11: Month | C11: Sales
A12: Product B | B12: APR | C12: =HLOOKUP(B12,A1:F7,3,0) -> 180
